-- -------------------------------------------------------------
-- TablePlus 6.7.1(636)
--
-- https://tableplus.com/
--
-- Database: onebase_cloud_v3
-- Generation Time: 2025-12-09 18:47:10.3340
-- -------------------------------------------------------------


INSERT INTO "public"."metadata_field_comparison_rules" ("id", "source_field_type_id", "validation_type_id", "target_field_type_id", "creator", "create_time", "updater", "update_time", "deleted") VALUES
(1, 1, 1, 1, '', '2025-12-08 18:05:26.511652', '', '2025-12-08 18:05:26.511652', 0),
(2, 1, 1, 2, '', '2025-12-08 18:05:26.511652', '', '2025-12-08 18:05:26.511652', 0),
(3, 1, 1, 3, '', '2025-12-08 18:05:26.511652', '', '2025-12-08 18:05:26.511652', 0),
(4, 1, 1, 4, '', '2025-12-08 18:05:26.511652', '', '2025-12-08 18:05:26.511652', 0),
(5, 1, 1, 5, '', '2025-12-08 18:05:26.511652', '', '2025-12-08 18:05:26.511652', 0),
(6, 1, 2, 1, '', '2025-12-08 18:05:26.511652', '', '2025-12-08 18:05:26.511652', 0),
(7, 1, 2, 2, '', '2025-12-08 18:05:26.511652', '', '2025-12-08 18:05:26.511652', 0),
(8, 1, 2, 3, '', '2025-12-08 18:05:26.511652', '', '2025-12-08 18:05:26.511652', 0),
(9, 1, 2, 4, '', '2025-12-08 18:05:26.511652', '', '2025-12-08 18:05:26.511652', 0),
(10, 1, 2, 5, '', '2025-12-08 18:05:26.511652', '', '2025-12-08 18:05:26.511652', 0),
(11, 1, 3, 1, '', '2025-12-08 18:05:26.511652', '', '2025-12-08 18:05:26.511652', 0),
(12, 1, 3, 2, '', '2025-12-08 18:05:26.511652', '', '2025-12-08 18:05:26.511652', 0),
(13, 1, 3, 3, '', '2025-12-08 18:05:26.511652', '', '2025-12-08 18:05:26.511652', 0),
(14, 1, 3, 4, '', '2025-12-08 18:05:26.511652', '', '2025-12-08 18:05:26.511652', 0),
(15, 1, 3, 5, '', '2025-12-08 18:05:26.511652', '', '2025-12-08 18:05:26.511652', 0),
(16, 1, 4, 1, '', '2025-12-08 18:05:26.511652', '', '2025-12-08 18:05:26.511652', 0),
(17, 1, 4, 2, '', '2025-12-08 18:05:26.511652', '', '2025-12-08 18:05:26.511652', 0),
(18, 1, 4, 3, '', '2025-12-08 18:05:26.511652', '', '2025-12-08 18:05:26.511652', 0),
(19, 1, 4, 4, '', '2025-12-08 18:05:26.511652', '', '2025-12-08 18:05:26.511652', 0),
(20, 1, 4, 5, '', '2025-12-08 18:05:26.511652', '', '2025-12-08 18:05:26.511652', 0),
(21, 1, 5, 1, '', '2025-12-08 18:05:26.511652', '', '2025-12-08 18:05:26.511652', 0),
(22, 1, 5, 2, '', '2025-12-08 18:05:26.511652', '', '2025-12-08 18:05:26.511652', 0),
(23, 1, 5, 3, '', '2025-12-08 18:05:26.511652', '', '2025-12-08 18:05:26.511652', 0),
(24, 1, 5, 4, '', '2025-12-08 18:05:26.511652', '', '2025-12-08 18:05:26.511652', 0),
(25, 1, 5, 5, '', '2025-12-08 18:05:26.511652', '', '2025-12-08 18:05:26.511652', 0),
(26, 1, 6, 1, '', '2025-12-08 18:05:26.511652', '', '2025-12-08 18:05:26.511652', 0),
(27, 1, 6, 2, '', '2025-12-08 18:05:26.511652', '', '2025-12-08 18:05:26.511652', 0),
(28, 1, 6, 3, '', '2025-12-08 18:05:26.511652', '', '2025-12-08 18:05:26.511652', 0),
(29, 1, 6, 4, '', '2025-12-08 18:05:26.511652', '', '2025-12-08 18:05:26.511652', 0),
(30, 1, 6, 5, '', '2025-12-08 18:05:26.511652', '', '2025-12-08 18:05:26.511652', 0),
(31, 2, 1, 1, '', '2025-12-08 18:05:26.581883', '', '2025-12-08 18:05:26.581883', 0),
(32, 2, 1, 2, '', '2025-12-08 18:05:26.581883', '', '2025-12-08 18:05:26.581883', 0),
(33, 2, 1, 3, '', '2025-12-08 18:05:26.581883', '', '2025-12-08 18:05:26.581883', 0),
(34, 2, 1, 4, '', '2025-12-08 18:05:26.581883', '', '2025-12-08 18:05:26.581883', 0),
(35, 2, 1, 5, '', '2025-12-08 18:05:26.581883', '', '2025-12-08 18:05:26.581883', 0),
(36, 2, 2, 1, '', '2025-12-08 18:05:26.581883', '', '2025-12-08 18:05:26.581883', 0),
(37, 2, 2, 2, '', '2025-12-08 18:05:26.581883', '', '2025-12-08 18:05:26.581883', 0),
(38, 2, 2, 3, '', '2025-12-08 18:05:26.581883', '', '2025-12-08 18:05:26.581883', 0),
(39, 2, 2, 4, '', '2025-12-08 18:05:26.581883', '', '2025-12-08 18:05:26.581883', 0),
(40, 2, 2, 5, '', '2025-12-08 18:05:26.581883', '', '2025-12-08 18:05:26.581883', 0),
(41, 2, 3, 1, '', '2025-12-08 18:05:26.581883', '', '2025-12-08 18:05:26.581883', 0),
(42, 2, 3, 2, '', '2025-12-08 18:05:26.581883', '', '2025-12-08 18:05:26.581883', 0),
(43, 2, 3, 3, '', '2025-12-08 18:05:26.581883', '', '2025-12-08 18:05:26.581883', 0),
(44, 2, 3, 4, '', '2025-12-08 18:05:26.581883', '', '2025-12-08 18:05:26.581883', 0),
(45, 2, 3, 5, '', '2025-12-08 18:05:26.581883', '', '2025-12-08 18:05:26.581883', 0),
(46, 2, 4, 1, '', '2025-12-08 18:05:26.581883', '', '2025-12-08 18:05:26.581883', 0),
(47, 2, 4, 2, '', '2025-12-08 18:05:26.581883', '', '2025-12-08 18:05:26.581883', 0),
(48, 2, 4, 3, '', '2025-12-08 18:05:26.581883', '', '2025-12-08 18:05:26.581883', 0),
(49, 2, 4, 4, '', '2025-12-08 18:05:26.581883', '', '2025-12-08 18:05:26.581883', 0),
(50, 2, 4, 5, '', '2025-12-08 18:05:26.581883', '', '2025-12-08 18:05:26.581883', 0),
(51, 3, 1, 1, '', '2025-12-08 18:05:26.651077', '', '2025-12-08 18:05:26.651077', 0),
(52, 3, 1, 2, '', '2025-12-08 18:05:26.651077', '', '2025-12-08 18:05:26.651077', 0),
(53, 3, 1, 3, '', '2025-12-08 18:05:26.651077', '', '2025-12-08 18:05:26.651077', 0),
(54, 3, 2, 1, '', '2025-12-08 18:05:26.651077', '', '2025-12-08 18:05:26.651077', 0),
(55, 3, 2, 2, '', '2025-12-08 18:05:26.651077', '', '2025-12-08 18:05:26.651077', 0),
(56, 3, 2, 3, '', '2025-12-08 18:05:26.651077', '', '2025-12-08 18:05:26.651077', 0),
(57, 3, 3, 1, '', '2025-12-08 18:05:26.651077', '', '2025-12-08 18:05:26.651077', 0),
(58, 3, 3, 2, '', '2025-12-08 18:05:26.651077', '', '2025-12-08 18:05:26.651077', 0),
(59, 3, 3, 3, '', '2025-12-08 18:05:26.651077', '', '2025-12-08 18:05:26.651077', 0),
(60, 3, 4, 1, '', '2025-12-08 18:05:26.651077', '', '2025-12-08 18:05:26.651077', 0),
(61, 3, 4, 2, '', '2025-12-08 18:05:26.651077', '', '2025-12-08 18:05:26.651077', 0),
(62, 3, 4, 3, '', '2025-12-08 18:05:26.651077', '', '2025-12-08 18:05:26.651077', 0),
(63, 3, 5, 1, '', '2025-12-08 18:05:26.651077', '', '2025-12-08 18:05:26.651077', 0),
(64, 3, 5, 2, '', '2025-12-08 18:05:26.651077', '', '2025-12-08 18:05:26.651077', 0),
(65, 3, 5, 3, '', '2025-12-08 18:05:26.651077', '', '2025-12-08 18:05:26.651077', 0),
(66, 3, 6, 1, '', '2025-12-08 18:05:26.651077', '', '2025-12-08 18:05:26.651077', 0),
(67, 3, 6, 2, '', '2025-12-08 18:05:26.651077', '', '2025-12-08 18:05:26.651077', 0),
(68, 3, 6, 3, '', '2025-12-08 18:05:26.651077', '', '2025-12-08 18:05:26.651077', 0),
(69, 4, 1, 1, '', '2025-12-08 18:05:26.696456', '', '2025-12-08 18:05:26.696456', 0),
(70, 4, 1, 2, '', '2025-12-08 18:05:26.696456', '', '2025-12-08 18:05:26.696456', 0),
(71, 4, 1, 4, '', '2025-12-08 18:05:26.696456', '', '2025-12-08 18:05:26.696456', 0),
(72, 4, 2, 1, '', '2025-12-08 18:05:26.696456', '', '2025-12-08 18:05:26.696456', 0),
(73, 4, 2, 2, '', '2025-12-08 18:05:26.696456', '', '2025-12-08 18:05:26.696456', 0),
(74, 4, 2, 4, '', '2025-12-08 18:05:26.696456', '', '2025-12-08 18:05:26.696456', 0),
(75, 4, 3, 1, '', '2025-12-08 18:05:26.696456', '', '2025-12-08 18:05:26.696456', 0),
(76, 4, 3, 2, '', '2025-12-08 18:05:26.696456', '', '2025-12-08 18:05:26.696456', 0),
(77, 4, 3, 4, '', '2025-12-08 18:05:26.696456', '', '2025-12-08 18:05:26.696456', 0),
(78, 4, 4, 1, '', '2025-12-08 18:05:26.696456', '', '2025-12-08 18:05:26.696456', 0),
(79, 4, 4, 2, '', '2025-12-08 18:05:26.696456', '', '2025-12-08 18:05:26.696456', 0),
(80, 4, 4, 4, '', '2025-12-08 18:05:26.696456', '', '2025-12-08 18:05:26.696456', 0),
(81, 4, 5, 1, '', '2025-12-08 18:05:26.696456', '', '2025-12-08 18:05:26.696456', 0),
(82, 4, 5, 2, '', '2025-12-08 18:05:26.696456', '', '2025-12-08 18:05:26.696456', 0),
(83, 4, 5, 4, '', '2025-12-08 18:05:26.696456', '', '2025-12-08 18:05:26.696456', 0),
(84, 4, 6, 1, '', '2025-12-08 18:05:26.696456', '', '2025-12-08 18:05:26.696456', 0),
(85, 4, 6, 2, '', '2025-12-08 18:05:26.696456', '', '2025-12-08 18:05:26.696456', 0),
(86, 4, 6, 4, '', '2025-12-08 18:05:26.696456', '', '2025-12-08 18:05:26.696456', 0),
(87, 5, 1, 1, '', '2025-12-08 18:05:26.741335', '', '2025-12-08 18:05:26.741335', 0),
(88, 5, 1, 2, '', '2025-12-08 18:05:26.741335', '', '2025-12-08 18:05:26.741335', 0),
(89, 5, 1, 5, '', '2025-12-08 18:05:26.741335', '', '2025-12-08 18:05:26.741335', 0),
(90, 5, 2, 1, '', '2025-12-08 18:05:26.741335', '', '2025-12-08 18:05:26.741335', 0),
(91, 5, 2, 2, '', '2025-12-08 18:05:26.741335', '', '2025-12-08 18:05:26.741335', 0),
(92, 5, 2, 5, '', '2025-12-08 18:05:26.741335', '', '2025-12-08 18:05:26.741335', 0),
(93, 5, 3, 1, '', '2025-12-08 18:05:26.741335', '', '2025-12-08 18:05:26.741335', 0),
(94, 5, 3, 2, '', '2025-12-08 18:05:26.741335', '', '2025-12-08 18:05:26.741335', 0),
(95, 5, 3, 5, '', '2025-12-08 18:05:26.741335', '', '2025-12-08 18:05:26.741335', 0),
(96, 5, 4, 1, '', '2025-12-08 18:05:26.741335', '', '2025-12-08 18:05:26.741335', 0),
(97, 5, 4, 2, '', '2025-12-08 18:05:26.741335', '', '2025-12-08 18:05:26.741335', 0),
(98, 5, 4, 5, '', '2025-12-08 18:05:26.741335', '', '2025-12-08 18:05:26.741335', 0),
(99, 5, 5, 1, '', '2025-12-08 18:05:26.741335', '', '2025-12-08 18:05:26.741335', 0),
(100, 5, 5, 2, '', '2025-12-08 18:05:26.741335', '', '2025-12-08 18:05:26.741335', 0),
(101, 5, 5, 5, '', '2025-12-08 18:05:26.741335', '', '2025-12-08 18:05:26.741335', 0),
(102, 5, 6, 1, '', '2025-12-08 18:05:26.741335', '', '2025-12-08 18:05:26.741335', 0),
(103, 5, 6, 2, '', '2025-12-08 18:05:26.741335', '', '2025-12-08 18:05:26.741335', 0),
(104, 5, 6, 5, '', '2025-12-08 18:05:26.741335', '', '2025-12-08 18:05:26.741335', 0),
(105, 6, 1, 1, '', '2025-12-08 18:05:26.811973', '', '2025-12-08 18:05:26.811973', 0),
(106, 6, 1, 2, '', '2025-12-08 18:05:26.811973', '', '2025-12-08 18:05:26.811973', 0),
(107, 6, 1, 6, '', '2025-12-08 18:05:26.811973', '', '2025-12-08 18:05:26.811973', 0),
(108, 6, 2, 1, '', '2025-12-08 18:05:26.811973', '', '2025-12-08 18:05:26.811973', 0),
(109, 6, 2, 2, '', '2025-12-08 18:05:26.811973', '', '2025-12-08 18:05:26.811973', 0),
(110, 6, 2, 6, '', '2025-12-08 18:05:26.811973', '', '2025-12-08 18:05:26.811973', 0),
(111, 6, 3, 1, '', '2025-12-08 18:05:26.811973', '', '2025-12-08 18:05:26.811973', 0),
(112, 6, 3, 2, '', '2025-12-08 18:05:26.811973', '', '2025-12-08 18:05:26.811973', 0),
(113, 6, 3, 6, '', '2025-12-08 18:05:26.811973', '', '2025-12-08 18:05:26.811973', 0),
(114, 6, 4, 1, '', '2025-12-08 18:05:26.811973', '', '2025-12-08 18:05:26.811973', 0),
(115, 6, 4, 2, '', '2025-12-08 18:05:26.811973', '', '2025-12-08 18:05:26.811973', 0),
(116, 6, 4, 6, '', '2025-12-08 18:05:26.811973', '', '2025-12-08 18:05:26.811973', 0),
(117, 6, 5, 1, '', '2025-12-08 18:05:26.811973', '', '2025-12-08 18:05:26.811973', 0),
(118, 6, 5, 2, '', '2025-12-08 18:05:26.811973', '', '2025-12-08 18:05:26.811973', 0),
(119, 6, 5, 6, '', '2025-12-08 18:05:26.811973', '', '2025-12-08 18:05:26.811973', 0),
(120, 6, 6, 1, '', '2025-12-08 18:05:26.811973', '', '2025-12-08 18:05:26.811973', 0),
(121, 6, 6, 2, '', '2025-12-08 18:05:26.811973', '', '2025-12-08 18:05:26.811973', 0),
(122, 6, 6, 6, '', '2025-12-08 18:05:26.811973', '', '2025-12-08 18:05:26.811973', 0),
(123, 7, 1, 7, '', '2025-12-08 18:05:26.846883', '', '2025-12-08 18:05:26.846883', 0),
(124, 7, 2, 7, '', '2025-12-08 18:05:26.846883', '', '2025-12-08 18:05:26.846883', 0),
(125, 7, 7, 7, '', '2025-12-08 18:05:26.846883', '', '2025-12-08 18:05:26.846883', 0),
(126, 7, 8, 7, '', '2025-12-08 18:05:26.846883', '', '2025-12-08 18:05:26.846883', 0),
(127, 7, 9, 7, '', '2025-12-08 18:05:26.846883', '', '2025-12-08 18:05:26.846883', 0),
(128, 7, 10, 7, '', '2025-12-08 18:05:26.846883', '', '2025-12-08 18:05:26.846883', 0),
(129, 7, 13, 7, '', '2025-12-08 18:05:26.846883', '', '2025-12-08 18:05:26.846883', 0),
(130, 7, 5, 7, '', '2025-12-08 18:05:26.846883', '', '2025-12-08 18:05:26.846883', 0),
(131, 7, 6, 7, '', '2025-12-08 18:05:26.846883', '', '2025-12-08 18:05:26.846883', 0),
(132, 9, 1, 9, '', '2025-12-08 18:05:26.891274', '', '2025-12-08 18:05:26.891274', 0),
(133, 9, 1, 10, '', '2025-12-08 18:05:26.891274', '', '2025-12-08 18:05:26.891274', 0),
(134, 9, 2, 9, '', '2025-12-08 18:05:26.891274', '', '2025-12-08 18:05:26.891274', 0),
(135, 9, 2, 10, '', '2025-12-08 18:05:26.891274', '', '2025-12-08 18:05:26.891274', 0),
(136, 9, 11, 9, '', '2025-12-08 18:05:26.891274', '', '2025-12-08 18:05:26.891274', 0),
(137, 9, 11, 10, '', '2025-12-08 18:05:26.891274', '', '2025-12-08 18:05:26.891274', 0),
(138, 9, 12, 9, '', '2025-12-08 18:05:26.891274', '', '2025-12-08 18:05:26.891274', 0),
(139, 9, 12, 10, '', '2025-12-08 18:05:26.891274', '', '2025-12-08 18:05:26.891274', 0),
(140, 9, 13, 9, '', '2025-12-08 18:05:26.891274', '', '2025-12-08 18:05:26.891274', 0),
(141, 9, 13, 10, '', '2025-12-08 18:05:26.891274', '', '2025-12-08 18:05:26.891274', 0),
(142, 9, 5, 9, '', '2025-12-08 18:05:26.891274', '', '2025-12-08 18:05:26.891274', 0),
(143, 9, 5, 10, '', '2025-12-08 18:05:26.891274', '', '2025-12-08 18:05:26.891274', 0),
(144, 9, 6, 9, '', '2025-12-08 18:05:26.891274', '', '2025-12-08 18:05:26.891274', 0),
(145, 9, 6, 10, '', '2025-12-08 18:05:26.891274', '', '2025-12-08 18:05:26.891274', 0),
(146, 10, 1, 9, '', '2025-12-08 18:05:26.931884', '', '2025-12-08 18:05:26.931884', 0),
(147, 10, 1, 10, '', '2025-12-08 18:05:26.931884', '', '2025-12-08 18:05:26.931884', 0),
(148, 10, 2, 9, '', '2025-12-08 18:05:26.931884', '', '2025-12-08 18:05:26.931884', 0),
(149, 10, 2, 10, '', '2025-12-08 18:05:26.931884', '', '2025-12-08 18:05:26.931884', 0),
(150, 10, 11, 9, '', '2025-12-08 18:05:26.931884', '', '2025-12-08 18:05:26.931884', 0),
(151, 10, 11, 10, '', '2025-12-08 18:05:26.931884', '', '2025-12-08 18:05:26.931884', 0),
(152, 10, 12, 9, '', '2025-12-08 18:05:26.931884', '', '2025-12-08 18:05:26.931884', 0),
(153, 10, 12, 10, '', '2025-12-08 18:05:26.931884', '', '2025-12-08 18:05:26.931884', 0),
(154, 10, 13, 9, '', '2025-12-08 18:05:26.931884', '', '2025-12-08 18:05:26.931884', 0),
(155, 10, 13, 10, '', '2025-12-08 18:05:26.931884', '', '2025-12-08 18:05:26.931884', 0),
(156, 10, 5, 9, '', '2025-12-08 18:05:26.931884', '', '2025-12-08 18:05:26.931884', 0),
(157, 10, 5, 10, '', '2025-12-08 18:05:26.931884', '', '2025-12-08 18:05:26.931884', 0),
(158, 10, 6, 9, '', '2025-12-08 18:05:26.931884', '', '2025-12-08 18:05:26.931884', 0),
(159, 10, 6, 10, '', '2025-12-08 18:05:26.931884', '', '2025-12-08 18:05:26.931884', 0),
(160, 11, 1, 11, '', '2025-12-08 18:05:26.976653', '', '2025-12-08 18:05:26.976653', 0),
(161, 11, 2, 11, '', '2025-12-08 18:05:26.976653', '', '2025-12-08 18:05:26.976653', 0),
(162, 12, 1, 12, '', '2025-12-08 18:05:27.006671', '', '2025-12-08 18:05:27.006671', 0),
(163, 12, 1, 13, '', '2025-12-08 18:05:27.006671', '', '2025-12-08 18:05:27.006671', 0),
(164, 12, 2, 12, '', '2025-12-08 18:05:27.006671', '', '2025-12-08 18:05:27.006671', 0),
(165, 12, 2, 13, '', '2025-12-08 18:05:27.006671', '', '2025-12-08 18:05:27.006671', 0),
(166, 12, 5, 12, '', '2025-12-08 18:05:27.006671', '', '2025-12-08 18:05:27.006671', 0),
(167, 12, 5, 13, '', '2025-12-08 18:05:27.006671', '', '2025-12-08 18:05:27.006671', 0),
(168, 12, 6, 12, '', '2025-12-08 18:05:27.006671', '', '2025-12-08 18:05:27.006671', 0),
(169, 12, 6, 13, '', '2025-12-08 18:05:27.006671', '', '2025-12-08 18:05:27.006671', 0),
(170, 13, 16, 12, '', '2025-12-08 18:05:27.056143', '', '2025-12-08 18:05:27.056143', 0),
(171, 13, 16, 13, '', '2025-12-08 18:05:27.056143', '', '2025-12-08 18:05:27.056143', 0),
(172, 13, 17, 12, '', '2025-12-08 18:05:27.056143', '', '2025-12-08 18:05:27.056143', 0),
(173, 13, 17, 13, '', '2025-12-08 18:05:27.056143', '', '2025-12-08 18:05:27.056143', 0),
(174, 13, 18, 12, '', '2025-12-08 18:05:27.056143', '', '2025-12-08 18:05:27.056143', 0),
(175, 13, 18, 13, '', '2025-12-08 18:05:27.056143', '', '2025-12-08 18:05:27.056143', 0),
(176, 13, 19, 12, '', '2025-12-08 18:05:27.056143', '', '2025-12-08 18:05:27.056143', 0),
(177, 13, 19, 13, '', '2025-12-08 18:05:27.056143', '', '2025-12-08 18:05:27.056143', 0),
(178, 15, 1, 15, '', '2025-12-08 18:05:27.105877', '', '2025-12-08 18:05:27.105877', 0),
(179, 15, 1, 28, '', '2025-12-08 18:05:27.105877', '', '2025-12-08 18:05:27.105877', 0),
(180, 15, 2, 15, '', '2025-12-08 18:05:27.105877', '', '2025-12-08 18:05:27.105877', 0),
(181, 15, 2, 28, '', '2025-12-08 18:05:27.105877', '', '2025-12-08 18:05:27.105877', 0),
(182, 15, 5, 15, '', '2025-12-08 18:05:27.105877', '', '2025-12-08 18:05:27.105877', 0),
(183, 15, 5, 28, '', '2025-12-08 18:05:27.105877', '', '2025-12-08 18:05:27.105877', 0),
(184, 15, 6, 15, '', '2025-12-08 18:05:27.105877', '', '2025-12-08 18:05:27.105877', 0),
(185, 15, 6, 28, '', '2025-12-08 18:05:27.105877', '', '2025-12-08 18:05:27.105877', 0),
(186, 16, 1, 16, '', '2025-12-08 18:05:27.141713', '', '2025-12-08 18:05:27.141713', 0),
(187, 16, 1, 29, '', '2025-12-08 18:05:27.141713', '', '2025-12-08 18:05:27.141713', 0),
(188, 16, 2, 16, '', '2025-12-08 18:05:27.141713', '', '2025-12-08 18:05:27.141713', 0),
(189, 16, 2, 29, '', '2025-12-08 18:05:27.141713', '', '2025-12-08 18:05:27.141713', 0),
(190, 16, 5, 16, '', '2025-12-08 18:05:27.141713', '', '2025-12-08 18:05:27.141713', 0),
(191, 16, 5, 29, '', '2025-12-08 18:05:27.141713', '', '2025-12-08 18:05:27.141713', 0),
(192, 16, 6, 16, '', '2025-12-08 18:05:27.141713', '', '2025-12-08 18:05:27.141713', 0),
(193, 16, 6, 29, '', '2025-12-08 18:05:27.141713', '', '2025-12-08 18:05:27.141713', 0),
(194, 17, 1, 17, '', '2025-12-08 18:05:27.201337', '', '2025-12-08 18:05:27.201337', 0),
(195, 17, 1, 30, '', '2025-12-08 18:05:27.201337', '', '2025-12-08 18:05:27.201337', 0),
(196, 17, 2, 17, '', '2025-12-08 18:05:27.201337', '', '2025-12-08 18:05:27.201337', 0),
(197, 17, 2, 30, '', '2025-12-08 18:05:27.201337', '', '2025-12-08 18:05:27.201337', 0),
(198, 17, 5, 17, '', '2025-12-08 18:05:27.201337', '', '2025-12-08 18:05:27.201337', 0),
(199, 17, 5, 30, '', '2025-12-08 18:05:27.201337', '', '2025-12-08 18:05:27.201337', 0),
(200, 17, 6, 17, '', '2025-12-08 18:05:27.201337', '', '2025-12-08 18:05:27.201337', 0),
(201, 17, 6, 30, '', '2025-12-08 18:05:27.201337', '', '2025-12-08 18:05:27.201337', 0),
(202, 28, 16, 15, '', '2025-12-08 18:05:27.25872', '', '2025-12-08 18:05:27.25872', 0),
(203, 28, 16, 28, '', '2025-12-08 18:05:27.25872', '', '2025-12-08 18:05:27.25872', 0),
(204, 28, 17, 15, '', '2025-12-08 18:05:27.25872', '', '2025-12-08 18:05:27.25872', 0),
(205, 28, 17, 28, '', '2025-12-08 18:05:27.25872', '', '2025-12-08 18:05:27.25872', 0),
(206, 28, 18, 15, '', '2025-12-08 18:05:27.25872', '', '2025-12-08 18:05:27.25872', 0),
(207, 28, 18, 28, '', '2025-12-08 18:05:27.25872', '', '2025-12-08 18:05:27.25872', 0),
(208, 28, 19, 15, '', '2025-12-08 18:05:27.25872', '', '2025-12-08 18:05:27.25872', 0),
(209, 28, 19, 28, '', '2025-12-08 18:05:27.25872', '', '2025-12-08 18:05:27.25872', 0),
(210, 29, 16, 16, '', '2025-12-08 18:05:27.346289', '', '2025-12-08 18:05:27.346289', 0),
(211, 29, 16, 29, '', '2025-12-08 18:05:27.346289', '', '2025-12-08 18:05:27.346289', 0),
(212, 29, 17, 16, '', '2025-12-08 18:05:27.346289', '', '2025-12-08 18:05:27.346289', 0),
(213, 29, 17, 29, '', '2025-12-08 18:05:27.346289', '', '2025-12-08 18:05:27.346289', 0),
(214, 29, 18, 16, '', '2025-12-08 18:05:27.346289', '', '2025-12-08 18:05:27.346289', 0),
(215, 29, 18, 29, '', '2025-12-08 18:05:27.346289', '', '2025-12-08 18:05:27.346289', 0),
(216, 29, 19, 16, '', '2025-12-08 18:05:27.346289', '', '2025-12-08 18:05:27.346289', 0),
(217, 29, 19, 29, '', '2025-12-08 18:05:27.346289', '', '2025-12-08 18:05:27.346289', 0),
(218, 30, 16, 17, '', '2025-12-08 18:05:27.405311', '', '2025-12-08 18:05:27.405311', 0),
(219, 30, 16, 30, '', '2025-12-08 18:05:27.405311', '', '2025-12-08 18:05:27.405311', 0),
(220, 30, 17, 17, '', '2025-12-08 18:05:27.405311', '', '2025-12-08 18:05:27.405311', 0),
(221, 30, 17, 30, '', '2025-12-08 18:05:27.405311', '', '2025-12-08 18:05:27.405311', 0),
(222, 30, 18, 17, '', '2025-12-08 18:05:27.405311', '', '2025-12-08 18:05:27.405311', 0),
(223, 30, 18, 30, '', '2025-12-08 18:05:27.405311', '', '2025-12-08 18:05:27.405311', 0),
(224, 30, 19, 17, '', '2025-12-08 18:05:27.405311', '', '2025-12-08 18:05:27.405311', 0),
(225, 30, 19, 30, '', '2025-12-08 18:05:27.405311', '', '2025-12-08 18:05:27.405311', 0);

INSERT INTO "public"."metadata_data_system_method" ("id", "method_code", "method_name", "method_type", "method_url", "method_description", "is_enabled", "request_method", "deleted", "creator", "create_time", "updater", "update_time") VALUES
(1, 'CREATE_SINGLE', '新增单条数据', 'CREATE', '/metadata/data-method/insert', '数据模型的新增服务，该服务会在业务对象被判断为新增的时候被调用', 1, 'POST', 0, 1, '2025-08-06 14:22:32.98068', 1, '2025-08-06 14:22:32.98068'),
(2, 'UPDATE_SINGLE', '更新单条数据', 'UPDATE', '/metadata/data-method/update', '数据模型的更新服务，通过主键更新模型已存在的数据', 1, 'POST', 0, 1, '2025-08-06 14:22:32.98068', 1, '2025-08-06 14:22:32.98068'),
(3, 'DELETE_SINGLE', '删除单条数据', 'DELETE', '/metadata/data-method/delete', '数据模型的删除单条记录的服务，通过主键删除目标模型中符合条件的数据', 1, 'POST', 0, 1, '2025-08-06 14:22:32.98068', 1, '2025-08-06 14:22:32.98068'),
(4, 'GET_BY_ID', '根据id查询数据详情', 'READ', '/metadata/data-method/data', '通过主键获取单条数据使用的服务，用来接收一条结果集', 1, 'POST', 0, 1, '2025-08-06 14:22:32.98068', 1, '2025-08-06 14:22:32.98068'),
(5, 'GET_PAGE_LIST', '分页查询数据列表', 'READ', '/metadata/data-method/data/page', '通过查询条件获取多条数据使用的服务，用来接收多条结果集', 1, 'POST', 0, 1, '2025-08-06 14:22:32.98068', 1, '2025-08-06 14:22:32.98068'),
(6, 'GET_GROUP_LIST', '分组查询数据', 'READ', '/metadata/data-method', '看板视图下通过指定字段进行分组，分别获取多条数据使用的服务（例如该分组下的前N条）', 1, 'POST', 0, 1, '2025-08-06 14:22:32.98068', 1, '2025-08-06 14:22:32.98068'),
(7, 'GET_TREE_LIST', '树状视图数据查询', 'READ', '/metadata/data-method', '用于支持树状结构展示的数据查询服务，通过指定父子级字段递归查询出具有层级关系的数据集合，适用于树形视图、组织架构、目录结构等场景', 1, 'POST', 0, 1, '2025-08-06 14:22:32.98068', 1, '2025-08-06 14:22:32.98068'),
(8, 'CREATE_BATCH', '批量新增', 'BATCH', '/metadata/data-method', '数据模型的批量新增服务，该服务会在接收到多条新增数据请求时被调用，支持一次插入多条记录', 1, 'POST', 0, 1, '2025-08-06 14:22:32.98068', 1, '2025-08-06 14:22:32.98068'),
(9, 'UPDATE_BATCH', '批量更新', 'BATCH', '/metadata/data-method', '数据模型的批量更新服务，通过主键集合批量更新符合条件的多条记录，适用于批量修改、批量设置等业务场景', 1, 'POST', 0, 1, '2025-08-06 14:22:32.98068', 1, '2025-08-06 14:22:32.98068'),
(10, 'DELETE_BATCH', '批量删除', 'BATCH', '/metadata/data-method', '数据模型的批量删除服务，通过主键集合批量删除目标模型中符合条件的多条记录，常用于多选删除操作，需支持事务控制以保证数据完整性', 1, 'POST', 0, 1, '2025-08-06 14:22:32.98068', 1, '2025-08-06 14:22:32.98068'),
(11, 'DRAFT_SAVE_QUERY', '草稿保存与查询服务', 'DRAFT', '/metadata/data-method', '用于支持草稿状态的数据保存与查询服务，允许用户在未正式发布前暂存数据（数据只有该用户能看到），并支持后续继续编辑或提交，适用于长表单填写的场景', 1, 'POST', 0, 1, '2025-08-06 14:22:32.98068', 1, '2025-08-06 14:22:32.98068'),
(12, 'IMPORT_DATA', '数据导入服务', 'BATCH', '/metadata/data-method', '用于支持数据导入功能的服务，支持从文件或其他数据源批量导入数据到指定实体，适用于数据迁移、批量初始化等场景', 1, 'POST', 0, 1, '2025-08-06 14:22:32.98068', 1, '2025-08-06 14:22:32.98068');

INSERT INTO "public"."metadata_validation_type" ("id", "validation_code", "validation_name", "validation_desc", "sort_order", "status", "creator", "create_time", "updater", "update_time", "deleted", "type") VALUES
(1, 'EQUALS', '等于', '字段值等于指定值', 1, 0, NULL, '2025-08-11 20:51:48.440687', NULL, '2025-08-11 20:51:48.440687', 0, NULL),
(2, 'NOT_EQUALS', '不等于', '字段值不等于指定值', 2, 0, NULL, '2025-08-11 20:51:48.440687', NULL, '2025-08-11 20:51:48.440687', 0, NULL),
(3, 'CONTAINS', '包含', '字段值包含指定内容', 3, 0, NULL, '2025-08-11 20:51:48.440687', NULL, '2025-08-11 20:51:48.440687', 0, NULL),
(4, 'NOT_CONTAINS', '不包含', '字段值不包含指定内容', 4, 0, NULL, '2025-08-11 20:51:48.440687', NULL, '2025-08-11 20:51:48.440687', 0, NULL),
(5, 'EXISTS_IN', '存在于', '字段值存在于指定集合中', 5, 0, NULL, '2025-08-11 20:51:48.440687', NULL, '2025-08-11 20:51:48.440687', 0, NULL),
(6, 'NOT_EXISTS_IN', '不存在于', '字段值不存在于指定集合中', 6, 0, NULL, '2025-08-11 20:51:48.440687', NULL, '2025-08-11 20:51:48.440687', 0, NULL),
(7, 'GREATER_THAN', '大于', '字段值大于指定值', 7, 0, NULL, '2025-08-11 20:51:48.440687', NULL, '2025-08-11 20:51:48.440687', 0, NULL),
(8, 'GREATER_EQUALS', '大于等于', '字段值大于等于指定值', 8, 0, NULL, '2025-08-11 20:51:48.440687', NULL, '2025-08-11 20:51:48.440687', 0, NULL),
(9, 'LESS_THAN', '小于', '字段值小于指定值', 9, 0, NULL, '2025-08-11 20:51:48.440687', NULL, '2025-08-11 20:51:48.440687', 0, NULL),
(10, 'LESS_EQUALS', '小于等于', '字段值小于等于指定值', 10, 0, NULL, '2025-08-11 20:51:48.440687', NULL, '2025-08-11 20:51:48.440687', 0, NULL),
(11, 'LATER_THAN', '晚于', '字段值晚于指定时间', 11, 0, NULL, '2025-08-11 20:51:48.440687', NULL, '2025-08-11 20:51:48.440687', 0, NULL),
(12, 'EARLIER_THAN', '早于', '字段值早于指定时间', 12, 0, NULL, '2025-08-11 20:51:48.440687', NULL, '2025-08-11 20:51:48.440687', 0, NULL),
(13, 'RANGE', '范围', '字段值在指定范围内', 13, 0, NULL, '2025-08-11 20:51:48.440687', NULL, '2025-08-11 20:51:48.440687', 0, NULL),
(14, 'IS_EMPTY', '为空', '字段值为空', 14, 0, NULL, '2025-08-11 20:51:48.440687', NULL, '2025-08-11 20:51:48.440687', 0, NULL),
(15, 'IS_NOT_EMPTY', '不为空', '字段值不为空', 15, 0, NULL, '2025-08-11 20:51:48.440687', NULL, '2025-08-11 20:51:48.440687', 0, NULL),
(16, 'CONTAINS_ALL', '包含全部', '字段值包含全部指定内容', 16, 0, NULL, '2025-08-11 20:51:48.440687', NULL, '2025-08-11 20:51:48.440687', 0, NULL),
(17, 'NOT_CONTAINS_ALL', '不包含全部', '字段值不包含全部指定内容', 17, 0, NULL, '2025-08-11 20:51:48.440687', NULL, '2025-08-11 20:51:48.440687', 0, NULL),
(18, 'CONTAINS_ANY', '包含任一', '字段值包含任一指定内容', 18, 0, NULL, '2025-08-11 20:51:48.440687', NULL, '2025-08-11 20:51:48.440687', 0, NULL),
(19, 'NOT_CONTAINS_ANY', '不包含任一', '字段值不包含任一指定内容', 19, 0, NULL, '2025-08-11 20:51:48.440687', NULL, '2025-08-11 20:51:48.440687', 0, NULL);

INSERT INTO "public"."metadata_component_field_type" ("id", "field_type_code", "field_type_name", "field_type_desc", "data_type", "sort_order", "status", "creator", "create_time", "updater", "update_time", "deleted", "type") VALUES
(1, 'TEXT', '常规文本', '短文本输入字段', 'VARCHAR', 1, 1, NULL, '2025-08-11 20:51:48.463241', NULL, '2025-08-11 20:51:48.463241', 0, NULL),
(2, 'LONG_TEXT', '长文本', '长文本内容字段', 'LONGVARCHAR', 2, 1, NULL, '2025-08-11 20:51:48.463241', NULL, '2025-08-11 20:51:48.463241', 0, NULL),
(3, 'EMAIL', '邮箱地址', '邮箱地址输入字段', 'VARCHAR', 3, 1, NULL, '2025-08-11 20:51:48.463241', NULL, '2025-08-11 20:51:48.463241', 0, NULL),
(4, 'PHONE', '电话号码', '电话号码输入字段', 'VARCHAR', 4, 1, NULL, '2025-08-11 20:51:48.463241', NULL, '2025-08-11 20:51:48.463241', 0, NULL),
(5, 'URL', '网址链接', '网址链接输入字段', 'VARCHAR', 5, 1, NULL, '2025-08-11 20:51:48.463241', NULL, '2025-08-11 20:51:48.463241', 0, NULL),
(6, 'ADDRESS', '详细地址', '详细地址输入字段', 'LONGVARCHAR', 6, 1, NULL, '2025-08-11 20:51:48.463241', NULL, '2025-08-11 20:51:48.463241', 0, NULL),
(7, 'NUMBER', '通用数字', '通用数字输入字段', 'NUMERIC', 7, 1, NULL, '2025-08-11 20:51:48.463241', NULL, '2025-08-11 20:51:48.463241', 0, NULL),
(9, 'DATE', '日期', '日期输入字段', 'DATE', 9, 1, NULL, '2025-08-11 20:51:48.463241', NULL, '2025-08-11 20:51:48.463241', 0, NULL),
(10, 'DATETIME', '日期时间', '日期时间输入字段', 'TIMESTAMP', 10, 1, NULL, '2025-08-11 20:51:48.463241', NULL, '2025-08-11 20:51:48.463241', 0, NULL),
(11, 'BOOLEAN', '布尔值', '布尔值选择字段', 'BOOLEAN', 11, 1, NULL, '2025-08-11 20:51:48.463241', NULL, '2025-08-11 20:51:48.463241', 0, NULL),
(12, 'SELECT', '单选列表', '单选下拉列表字段', 'LONGVARCHAR', 12, 1, NULL, '2025-08-11 20:51:48.463241', NULL, '2025-08-11 20:51:48.463241', 0, NULL),
(13, 'MULTI_SELECT', '多选列表', '多选列表字段', 'LONGVARCHAR', 13, 1, NULL, '2025-08-11 20:51:48.463241', NULL, '2025-08-11 20:51:48.463241', 0, NULL),
(14, 'AUTO_CODE', '自动编号', '自动递增编码字段', 'VARCHAR', 14, 1, NULL, '2025-08-11 20:51:48.463241', NULL, '2025-08-11 20:51:48.463241', 0, NULL),
(15, 'USER', '用户单选', '用户引用字段', 'LONGVARCHAR', 15, 1, NULL, '2025-08-11 20:51:48.463241', NULL, '2025-08-11 20:51:48.463241', 0, NULL),
(16, 'DEPARTMENT', '部门单选', '部门引用字段', 'LONGVARCHAR', 16, 1, NULL, '2025-08-11 20:51:48.463241', NULL, '2025-08-11 20:51:48.463241', 0, NULL),
(17, 'DATA_SELECTION', '数据单选', '数据选择字段', 'VARCHAR', 17, 1, NULL, '2025-08-11 20:51:48.463241', NULL, '2025-08-11 20:51:48.463241', 0, NULL),
(21, 'FILE', '文件', '文件上传字段', 'LONGVARCHAR', 21, 1, NULL, '2025-08-11 20:51:48.463241', NULL, '2025-08-11 20:51:48.463241', 0, NULL),
(22, 'IMAGE', '图片', '图片上传字段', 'LONGVARCHAR', 22, 1, NULL, '2025-08-11 20:51:48.463241', NULL, '2025-08-11 20:51:48.463241', 0, NULL),
(23, 'GEOGRAPHY', '地理位置', '地理位置字段', 'LONGVARCHAR', 23, 1, NULL, '2025-08-11 20:51:48.463241', NULL, '2025-08-11 20:51:48.463241', 0, NULL),
(24, 'PASSWORD', '密码', '密码输入字段', 'VARCHAR', 24, 1, NULL, '2025-08-11 20:51:48.463241', NULL, '2025-08-11 20:51:48.463241', 0, NULL),
(25, 'ENCRYPTED', '加密字段', '加密存储字段', 'VARCHAR', 25, 1, NULL, '2025-08-11 20:51:48.463241', NULL, '2025-08-11 20:51:48.463241', 0, NULL),
(26, 'AGGREGATE', '聚合统计', '聚合统计字段', 'NUMERIC', 26, 1, NULL, '2025-08-11 20:51:48.463241', NULL, '2025-08-11 20:51:48.463241', 0, NULL),
(27, 'ID', '数据标识', '数据标识', 'BIGINT', 27, 1, NULL, '2025-09-04 19:11:14.240236', NULL, '2025-09-04 19:11:14.240236', 0, NULL),
(28, 'MULTI_USER', '用户多选', '用户多选字段', 'LONGVARCHAR', 28, 1, NULL, '2025-09-26 16:01:55.367509', NULL, '2025-09-26 16:01:55.367509', 0, NULL),
(29, 'MULTI_DEPARTMENT', '部门多选', '部门多选字段', 'LONGVARCHAR', 29, 1, NULL, '2025-09-26 16:03:25.69633', NULL, '2025-09-26 16:03:25.69633', 0, NULL),
(30, 'MULTI_DATA_SELECTION', '数据多选', '数据多选字段', 'LONGVARCHAR', 30, 1, NULL, '2025-09-26 16:04:13.568283', NULL, '2025-09-26 16:04:13.568283', 0, NULL);

INSERT INTO "public"."metadata_system_fields" ("id", "field_name", "field_type", "is_snowflake_id", "is_required", "default_value", "description", "is_enabled", "display_name", "creator", "create_time", "updater", "update_time", "deleted") VALUES
(1, 'id', 'ID', 1, 0, NULL, '主键ID', 1, '主键ID', 1, '2025-12-01 10:43:35.222299', 1, '2025-12-01 10:43:35.222299', 0),
(2, 'owner_id', 'USER', 0, 1, NULL, '拥有者,这条数据的拥有者,主要用于权限控制和数据归属', 1, '拥有者ID', 1, '2025-12-01 10:43:35.222299', 1, '2025-12-01 10:43:35.222299', 0),
(3, 'owner_dept', 'DEPARTMENT', 0, 1, NULL, '拥有部门,简单场景不需要,需要界面提交后赋值,默认不赋值。核心解决的在于人员转岗之后,这条数据对HR,财务等业务系统来讲,这条数据的属于部门,而且历史处理的数据,又不能全部替换给新来交接的同事', 1, '拥有部门ID', 1, '2025-12-01 10:43:35.222299', 1, '2025-12-01 10:43:35.222299', 0),
(4, 'creator', 'USER', 0, 1, NULL, '创建人', 1, '创建人ID', 1, '2025-12-01 10:43:35.222299', 1, '2025-12-01 10:43:35.222299', 0),
(5, 'updater', 'USER', 0, 1, NULL, '更新人(数据删除时代表删除者ID)', 1, '更新人ID', 1, '2025-12-01 10:43:35.222299', 1, '2025-12-01 10:43:35.222299', 0),
(6, 'created_time', 'DATETIME', 0, 0, 'CURRENT_TIMESTAMP', '创建时间', 1, '创建时间', 1, '2025-12-01 10:43:35.222299', 1, '2025-12-01 10:43:35.222299', 0),
(7, 'updated_time', 'DATETIME', 0, 0, 'CURRENT_TIMESTAMP', '更新时间(数据删除时代表删除时间)', 1, '更新时间', 1, '2025-12-01 10:43:35.222299', 1, '2025-12-01 10:43:35.222299', 0),
(8, 'lock_version', 'NUMBER', 0, 0, '0', '乐观锁版本', 1, '乐观锁', 1, '2025-12-01 10:43:35.222299', 1, '2025-12-01 10:43:35.222299', 0),
(9, 'deleted', 'NUMBER', 0, 0, '0', '软删除标记,0为正常,>0即删除。删除后原数据ID写入此字段', 1, '删除标识', 1, '2025-12-01 10:43:35.222299', 1, '2025-12-01 10:43:35.222299', 0),
(10, 'parent_id', 'ID', 0, 0, NULL, '用于主子表关联，记录的是主表的 id', 1, '关联主表ID', 1, '2025-12-01 10:43:35.222299', 1, '2025-12-01 10:43:35.222299', 0),
(11, 'draft_status', 'NUMBER', 0, 0, '0', '用于描述该条数据是否是草稿，0为正式数据，1为草稿数据', 1, '草稿状态', 1, '2025-12-19 18:00:08.008298', 1, '2025-12-19 18:00:08.008298', 0);

INSERT INTO "public"."metadata_permit_ref_otft" ("id", "field_type_id", "validation_type_id", "sort_order", "creator", "create_time", "updater", "update_time", "deleted") VALUES
(1001, 1, 1, 1, 1, '2025-08-14 16:31:37.485808', 1, '2025-08-14 16:31:37.485808', 0),
(1002, 1, 2, 2, 1, '2025-08-14 16:31:37.485808', 1, '2025-08-14 16:31:37.485808', 0),
(1003, 1, 3, 3, 1, '2025-08-14 16:31:37.485808', 1, '2025-08-14 16:31:37.485808', 0),
(1004, 1, 4, 4, 1, '2025-08-14 16:31:37.485808', 1, '2025-08-14 16:31:37.485808', 0),
(1005, 1, 5, 5, 1, '2025-08-14 16:31:37.485808', 1, '2025-08-14 16:31:37.485808', 0),
(1006, 1, 6, 6, 1, '2025-08-14 16:31:37.485808', 1, '2025-08-14 16:31:37.485808', 0),
(1007, 1, 14, 7, 1, '2025-08-14 16:31:37.485808', 1, '2025-08-14 16:31:37.485808', 0),
(1008, 1, 15, 8, 1, '2025-08-14 16:31:37.485808', 1, '2025-08-14 16:31:37.485808', 0),
(2001, 2, 3, 1, 1, '2025-08-14 16:31:37.485808', 1, '2025-08-14 16:31:37.485808', 0),
(2002, 2, 4, 2, 1, '2025-08-14 16:31:37.485808', 1, '2025-08-14 16:31:37.485808', 0),
(2003, 2, 14, 3, 1, '2025-08-14 16:31:37.485808', 1, '2025-08-14 16:31:37.485808', 0),
(2004, 2, 15, 4, 1, '2025-08-14 16:31:37.485808', 1, '2025-08-14 16:31:37.485808', 0),
(3001, 3, 1, 1, 1, '2025-08-14 16:31:37.485808', 1, '2025-08-14 16:31:37.485808', 0),
(3002, 3, 2, 2, 1, '2025-08-14 16:31:37.485808', 1, '2025-08-14 16:31:37.485808', 0),
(3003, 3, 3, 3, 1, '2025-08-14 16:31:37.485808', 1, '2025-08-14 16:31:37.485808', 0),
(3004, 3, 14, 4, 1, '2025-08-14 16:31:37.485808', 1, '2025-08-14 16:31:37.485808', 0),
(3005, 3, 15, 5, 1, '2025-08-14 16:31:37.485808', 1, '2025-08-14 16:31:37.485808', 0),
(4001, 4, 1, 1, 1, '2025-08-14 16:31:37.485808', 1, '2025-08-14 16:31:37.485808', 0),
(4002, 4, 2, 2, 1, '2025-08-14 16:31:37.485808', 1, '2025-08-14 16:31:37.485808', 0),
(4003, 4, 3, 3, 1, '2025-08-14 16:31:37.485808', 1, '2025-08-14 16:31:37.485808', 0),
(4004, 4, 14, 4, 1, '2025-08-14 16:31:37.485808', 1, '2025-08-14 16:31:37.485808', 0),
(4005, 4, 15, 5, 1, '2025-08-14 16:31:37.485808', 1, '2025-08-14 16:31:37.485808', 0),
(5001, 5, 1, 1, 1, '2025-08-14 16:31:37.485808', 1, '2025-08-14 16:31:37.485808', 0),
(5002, 5, 2, 2, 1, '2025-08-14 16:31:37.485808', 1, '2025-08-14 16:31:37.485808', 0),
(5003, 5, 3, 3, 1, '2025-08-14 16:31:37.485808', 1, '2025-08-14 16:31:37.485808', 0),
(5004, 5, 14, 4, 1, '2025-08-14 16:31:37.485808', 1, '2025-08-14 16:31:37.485808', 0),
(5005, 5, 15, 5, 1, '2025-08-14 16:31:37.485808', 1, '2025-08-14 16:31:37.485808', 0),
(6001, 6, 3, 1, 1, '2025-08-14 16:31:37.485808', 1, '2025-08-14 16:31:37.485808', 0),
(6002, 6, 4, 2, 1, '2025-08-14 16:31:37.485808', 1, '2025-08-14 16:31:37.485808', 0),
(6003, 6, 14, 3, 1, '2025-08-14 16:31:37.485808', 1, '2025-08-14 16:31:37.485808', 0),
(6004, 6, 15, 4, 1, '2025-08-14 16:31:37.485808', 1, '2025-08-14 16:31:37.485808', 0),
(7001, 7, 1, 1, 1, '2025-08-14 16:31:37.485808', 1, '2025-08-14 16:31:37.485808', 0),
(7002, 7, 2, 2, 1, '2025-08-14 16:31:37.485808', 1, '2025-08-14 16:31:37.485808', 0),
(7003, 7, 7, 3, 1, '2025-08-14 16:31:37.485808', 1, '2025-08-14 16:31:37.485808', 0),
(7004, 7, 8, 4, 1, '2025-08-14 16:31:37.485808', 1, '2025-08-14 16:31:37.485808', 0),
(7005, 7, 9, 5, 1, '2025-08-14 16:31:37.485808', 1, '2025-08-14 16:31:37.485808', 0),
(7006, 7, 10, 6, 1, '2025-08-14 16:31:37.485808', 1, '2025-08-14 16:31:37.485808', 0),
(7007, 7, 13, 7, 1, '2025-08-14 16:31:37.485808', 1, '2025-08-14 16:31:37.485808', 0),
(7008, 7, 14, 8, 1, '2025-08-14 16:31:37.485808', 1, '2025-08-14 16:31:37.485808', 0),
(7009, 7, 15, 9, 1, '2025-08-14 16:31:37.485808', 1, '2025-08-14 16:31:37.485808', 0),
(8001, 8, 1, 1, 1, '2025-08-14 16:31:37.485808', 1, '2025-08-14 16:31:37.485808', 0),
(8002, 8, 2, 2, 1, '2025-08-14 16:31:37.485808', 1, '2025-08-14 16:31:37.485808', 0),
(8003, 8, 7, 3, 1, '2025-08-14 16:31:37.485808', 1, '2025-08-14 16:31:37.485808', 0),
(8004, 8, 8, 4, 1, '2025-08-14 16:31:37.485808', 1, '2025-08-14 16:31:37.485808', 0),
(8005, 8, 9, 5, 1, '2025-08-14 16:31:37.485808', 1, '2025-08-14 16:31:37.485808', 0),
(8006, 8, 10, 6, 1, '2025-08-14 16:31:37.485808', 1, '2025-08-14 16:31:37.485808', 0),
(8007, 8, 13, 7, 1, '2025-08-14 16:31:37.485808', 1, '2025-08-14 16:31:37.485808', 0),
(8008, 8, 14, 8, 1, '2025-08-14 16:31:37.485808', 1, '2025-08-14 16:31:37.485808', 0),
(8009, 8, 15, 9, 1, '2025-08-14 16:31:37.485808', 1, '2025-08-14 16:31:37.485808', 0),
(9001, 9, 1, 1, 1, '2025-08-14 16:31:37.485808', 1, '2025-08-14 16:31:37.485808', 0),
(9003, 9, 11, 3, 1, '2025-08-14 16:31:37.485808', 1, '2025-08-14 16:31:37.485808', 0),
(9004, 9, 12, 4, 1, '2025-08-14 16:31:37.485808', 1, '2025-08-14 16:31:37.485808', 0),
(9005, 9, 13, 5, 1, '2025-08-14 16:31:37.485808', 1, '2025-08-14 16:31:37.485808', 0),
(9006, 9, 14, 6, 1, '2025-08-14 16:31:37.485808', 1, '2025-08-14 16:31:37.485808', 0),
(9007, 9, 15, 7, 1, '2025-08-14 16:31:37.485808', 1, '2025-08-14 16:31:37.485808', 0),
(10001, 10, 1, 1, 1, '2025-08-14 16:31:37.485808', 1, '2025-08-14 16:31:37.485808', 0),
(10003, 10, 11, 3, 1, '2025-08-14 16:31:37.485808', 1, '2025-08-14 16:31:37.485808', 0),
(10004, 10, 12, 4, 1, '2025-08-14 16:31:37.485808', 1, '2025-08-14 16:31:37.485808', 0),
(10005, 10, 13, 5, 1, '2025-08-14 16:31:37.485808', 1, '2025-08-14 16:31:37.485808', 0),
(10006, 10, 14, 6, 1, '2025-08-14 16:31:37.485808', 1, '2025-08-14 16:31:37.485808', 0),
(10007, 10, 15, 7, 1, '2025-08-14 16:31:37.485808', 1, '2025-08-14 16:31:37.485808', 0),
(11001, 11, 1, 1, 1, '2025-08-14 16:31:37.485808', 1, '2025-08-14 16:31:37.485808', 0),
(12001, 12, 1, 1, 1, '2025-08-14 16:31:37.485808', 1, '2025-08-14 16:31:37.485808', 0),
(12002, 12, 2, 2, 1, '2025-08-14 16:31:37.485808', 1, '2025-08-14 16:31:37.485808', 0),
(12003, 12, 5, 3, 1, '2025-08-14 16:31:37.485808', 1, '2025-08-14 16:31:37.485808', 0),
(12004, 12, 6, 4, 1, '2025-08-14 16:31:37.485808', 1, '2025-08-14 16:31:37.485808', 0),
(12005, 12, 14, 5, 1, '2025-08-14 16:31:37.485808', 1, '2025-08-14 16:31:37.485808', 0),
(12006, 12, 15, 6, 1, '2025-08-14 16:31:37.485808', 1, '2025-08-14 16:31:37.485808', 0),
(13003, 13, 14, 3, 1, '2025-08-14 16:31:37.485808', 1, '2025-08-14 16:31:37.485808', 0),
(13004, 13, 15, 4, 1, '2025-08-14 16:31:37.485808', 1, '2025-08-14 16:31:37.485808', 0),
(13005, 13, 16, 5, 1, '2025-08-14 16:31:37.485808', 1, '2025-08-14 16:31:37.485808', 0),
(13006, 13, 17, 6, 1, '2025-08-14 16:31:37.485808', 1, '2025-08-14 16:31:37.485808', 0),
(13007, 13, 18, 7, 1, '2025-08-14 16:31:37.485808', 1, '2025-08-14 16:31:37.485808', 0),
(13008, 13, 19, 8, 1, '2025-08-14 16:31:37.485808', 1, '2025-08-14 16:31:37.485808', 0),
(14001, 14, 1, 1, 1, '2025-08-14 16:31:37.485808', 1, '2025-08-14 16:31:37.485808', 0),
(14002, 14, 2, 2, 1, '2025-08-14 16:31:37.485808', 1, '2025-08-14 16:31:37.485808', 0),
(14003, 14, 3, 3, 1, '2025-08-14 16:31:37.485808', 1, '2025-08-14 16:31:37.485808', 0),
(14004, 14, 14, 4, 1, '2025-08-14 16:31:37.485808', 1, '2025-08-14 16:31:37.485808', 0),
(14005, 14, 15, 5, 1, '2025-08-14 16:31:37.485808', 1, '2025-08-14 16:31:37.485808', 0),
(15001, 15, 1, 1, 1, '2025-08-14 16:31:37.485808', 1, '2025-08-14 16:31:37.485808', 0),
(15002, 15, 2, 2, 1, '2025-08-14 16:31:37.485808', 1, '2025-08-14 16:31:37.485808', 0),
(15003, 15, 5, 3, 1, '2025-08-14 16:31:37.485808', 1, '2025-08-14 16:31:37.485808', 0),
(15004, 15, 6, 4, 1, '2025-08-14 16:31:37.485808', 1, '2025-08-14 16:31:37.485808', 0),
(15005, 15, 14, 5, 1, '2025-08-14 16:31:37.485808', 1, '2025-08-14 16:31:37.485808', 0),
(15006, 15, 15, 6, 1, '2025-08-14 16:31:37.485808', 1, '2025-08-14 16:31:37.485808', 0),
(16001, 16, 1, 1, 1, '2025-08-14 16:31:37.485808', 1, '2025-08-14 16:31:37.485808', 0),
(16002, 16, 2, 2, 1, '2025-08-14 16:31:37.485808', 1, '2025-08-14 16:31:37.485808', 0),
(16003, 16, 5, 3, 1, '2025-08-14 16:31:37.485808', 1, '2025-08-14 16:31:37.485808', 0),
(16004, 16, 6, 4, 1, '2025-08-14 16:31:37.485808', 1, '2025-08-14 16:31:37.485808', 0),
(16005, 16, 14, 5, 1, '2025-08-14 16:31:37.485808', 1, '2025-08-14 16:31:37.485808', 0),
(16006, 16, 15, 6, 1, '2025-08-14 16:31:37.485808', 1, '2025-08-14 16:31:37.485808', 0),
(17001, 17, 1, 1, 1, '2025-08-14 16:31:37.485808', 1, '2025-08-14 16:31:37.485808', 0),
(17002, 17, 2, 2, 1, '2025-08-14 16:31:37.485808', 1, '2025-08-14 16:31:37.485808', 0),
(17003, 17, 5, 3, 1, '2025-08-14 16:31:37.485808', 1, '2025-08-14 16:31:37.485808', 0),
(17004, 17, 6, 4, 1, '2025-08-14 16:31:37.485808', 1, '2025-08-14 16:31:37.485808', 0),
(17005, 17, 14, 5, 1, '2025-08-14 16:31:37.485808', 1, '2025-08-14 16:31:37.485808', 0),
(17006, 17, 15, 6, 1, '2025-08-14 16:31:37.485808', 1, '2025-08-14 16:31:37.485808', 0),
(18001, 18, 14, 1, 1, '2025-08-14 16:31:37.485808', 1, '2025-08-14 16:31:37.485808', 0),
(18002, 18, 15, 2, 1, '2025-08-14 16:31:37.485808', 1, '2025-08-14 16:31:37.485808', 0),
(19001, 19, 14, 1, 1, '2025-08-14 16:31:37.485808', 1, '2025-08-14 16:31:37.485808', 0),
(19002, 19, 15, 2, 1, '2025-08-14 16:31:37.485808', 1, '2025-08-14 16:31:37.485808', 0),
(20001, 20, 14, 1, 1, '2025-08-14 16:31:37.485808', 1, '2025-08-14 16:31:37.485808', 0),
(20002, 20, 15, 2, 1, '2025-08-14 16:31:37.485808', 1, '2025-08-14 16:31:37.485808', 0),
(20003, 20, 16, 3, 1, '2025-08-14 16:31:37.485808', 1, '2025-08-14 16:31:37.485808', 0),
(20004, 20, 17, 4, 1, '2025-08-14 16:31:37.485808', 1, '2025-08-14 16:31:37.485808', 0),
(20005, 20, 18, 5, 1, '2025-08-14 16:31:37.485808', 1, '2025-08-14 16:31:37.485808', 0),
(20006, 20, 19, 6, 1, '2025-08-14 16:31:37.485808', 1, '2025-08-14 16:31:37.485808', 0),
(21001, 21, 14, 1, 1, '2025-08-14 16:31:37.485808', 1, '2025-08-14 16:31:37.485808', 0),
(21002, 21, 15, 2, 1, '2025-08-14 16:31:37.485808', 1, '2025-08-14 16:31:37.485808', 0),
(22001, 22, 14, 1, 1, '2025-08-14 16:31:37.485808', 1, '2025-08-14 16:31:37.485808', 0),
(22002, 22, 15, 2, 1, '2025-08-14 16:31:37.485808', 1, '2025-08-14 16:31:37.485808', 0),
(434530, 27, 1, 1, 1, '2025-09-08 16:47:29', 1, '2025-09-08 16:47:33', 0),
(434531, 27, 2, 2, 1, '2025-09-08 16:47:29', 1, '2025-09-08 16:47:33', 0),
(434534, 27, 14, 5, 1, '2025-09-08 16:47:29', 1, '2025-09-08 16:47:33', 0),
(434535, 27, 15, 6, 1, '2025-09-08 16:47:29', 1, '2025-09-08 16:47:33', 0),
(13009, 13, 1, 9, 1, '2025-08-14 16:31:37.485808', 1, '2025-08-14 16:31:37.485808', 0),
(28009, 28, 1, 9, 1, '2025-08-14 16:31:37.485808', 1, '2025-08-14 16:31:37.485808', 0),
(28003, 28, 14, 3, 1, '2025-08-14 16:31:37.485808', 1, '2025-08-14 16:31:37.485808', 0),
(28004, 28, 15, 4, 1, '2025-08-14 16:31:37.485808', 1, '2025-08-14 16:31:37.485808', 0),
(28005, 28, 16, 5, 1, '2025-08-14 16:31:37.485808', 1, '2025-08-14 16:31:37.485808', 0),
(28006, 28, 17, 6, 1, '2025-08-14 16:31:37.485808', 1, '2025-08-14 16:31:37.485808', 0),
(28007, 28, 18, 7, 1, '2025-08-14 16:31:37.485808', 1, '2025-08-14 16:31:37.485808', 0),
(28008, 28, 19, 8, 1, '2025-08-14 16:31:37.485808', 1, '2025-08-14 16:31:37.485808', 0),
(29009, 29, 1, 9, 1, '2025-08-14 16:31:37.485808', 1, '2025-08-14 16:31:37.485808', 0),
(29003, 29, 14, 3, 1, '2025-08-14 16:31:37.485808', 1, '2025-08-14 16:31:37.485808', 0),
(29004, 29, 15, 4, 1, '2025-08-14 16:31:37.485808', 1, '2025-08-14 16:31:37.485808', 0),
(29005, 29, 16, 5, 1, '2025-08-14 16:31:37.485808', 1, '2025-08-14 16:31:37.485808', 0),
(29006, 29, 17, 6, 1, '2025-08-14 16:31:37.485808', 1, '2025-08-14 16:31:37.485808', 0),
(29007, 29, 18, 7, 1, '2025-08-14 16:31:37.485808', 1, '2025-08-14 16:31:37.485808', 0),
(29008, 29, 19, 8, 1, '2025-08-14 16:31:37.485808', 1, '2025-08-14 16:31:37.485808', 0),
(30009, 30, 1, 9, 1, '2025-08-14 16:31:37.485808', 1, '2025-08-14 16:31:37.485808', 0),
(30003, 30, 14, 3, 1, '2025-08-14 16:31:37.485808', 1, '2025-08-14 16:31:37.485808', 0),
(30004, 30, 15, 4, 1, '2025-08-14 16:31:37.485808', 1, '2025-08-14 16:31:37.485808', 0),
(30005, 30, 16, 5, 1, '2025-08-14 16:31:37.485808', 1, '2025-08-14 16:31:37.485808', 0),
(30006, 30, 17, 6, 1, '2025-08-14 16:31:37.485808', 1, '2025-08-14 16:31:37.485808', 0),
(30007, 30, 18, 7, 1, '2025-08-14 16:31:37.485808', 1, '2025-08-14 16:31:37.485808', 0),
(30008, 30, 19, 8, 1, '2025-08-14 16:31:37.485808', 1, '2025-08-14 16:31:37.485808', 0),
(2005, 2, 1, 5, 1, '2025-10-25 16:53:01.661472', 1, '2025-10-25 16:53:01.661472', 0),
(2006, 2, 2, 6, 1, '2025-10-25 16:53:01.661472', 1, '2025-10-25 16:53:01.661472', 0),
(3006, 3, 4, 6, 1, '2025-10-25 16:53:01.699009', 1, '2025-10-25 16:53:01.699009', 0),
(3007, 3, 5, 7, 1, '2025-10-25 16:53:01.699009', 1, '2025-10-25 16:53:01.699009', 0),
(3008, 3, 6, 8, 1, '2025-10-25 16:53:01.699009', 1, '2025-10-25 16:53:01.699009', 0),
(4006, 4, 4, 6, 1, '2025-10-25 16:53:01.717919', 1, '2025-10-25 16:53:01.717919', 0),
(4007, 4, 5, 7, 1, '2025-10-25 16:53:01.717919', 1, '2025-10-25 16:53:01.717919', 0),
(4008, 4, 6, 8, 1, '2025-10-25 16:53:01.717919', 1, '2025-10-25 16:53:01.717919', 0),
(5006, 5, 4, 6, 1, '2025-10-25 16:53:01.737777', 1, '2025-10-25 16:53:01.737777', 0),
(6005, 6, 1, 5, 1, '2025-10-25 16:53:01.756942', 1, '2025-10-25 16:53:01.756942', 0),
(6006, 6, 2, 6, 1, '2025-10-25 16:53:01.756942', 1, '2025-10-25 16:53:01.756942', 0),
(12007, 12, 3, 7, 1, '2025-10-25 16:53:01.776714', 1, '2025-10-25 16:53:01.776714', 0),
(12008, 12, 4, 8, 1, '2025-10-25 16:53:01.776714', 1, '2025-10-25 16:53:01.776714', 0),
(14006, 14, 4, 6, 1, '2025-10-25 16:53:01.793819', 1, '2025-10-25 16:53:01.793819', 0),
(14007, 14, 5, 7, 1, '2025-10-25 16:53:01.793819', 1, '2025-10-25 16:53:01.793819', 0),
(14008, 14, 6, 8, 1, '2025-10-25 16:53:01.793819', 1, '2025-10-25 16:53:01.793819', 0),
(15007, 15, 3, 7, 1, '2025-10-25 16:53:01.811956', 1, '2025-10-25 16:53:01.811956', 0),
(15008, 15, 4, 8, 1, '2025-10-25 16:53:01.811956', 1, '2025-10-25 16:53:01.811956', 0),
(16007, 16, 16, 7, 1, '2025-10-25 16:53:01.830062', 1, '2025-10-25 16:53:01.830062', 0),
(16008, 16, 17, 8, 1, '2025-10-25 16:53:01.830062', 1, '2025-10-25 16:53:01.830062', 0),
(16009, 16, 18, 9, 1, '2025-10-25 16:53:01.830062', 1, '2025-10-25 16:53:01.830062', 0),
(16010, 16, 19, 10, 1, '2025-10-25 16:53:01.830062', 1, '2025-10-25 16:53:01.830062', 0),
(17007, 17, 3, 7, 1, '2025-10-25 16:53:01.847812', 1, '2025-10-25 16:53:01.847812', 0),
(17008, 17, 4, 8, 1, '2025-10-25 16:53:01.847812', 1, '2025-10-25 16:53:01.847812', 0),
(23001, 23, 1, 1, 1, '2025-10-25 16:53:01.867299', 1, '2025-10-25 16:53:01.867299', 0),
(23002, 23, 2, 2, 1, '2025-10-25 16:53:01.867299', 1, '2025-10-25 16:53:01.867299', 0),
(23003, 23, 14, 3, 1, '2025-10-25 16:53:01.867299', 1, '2025-10-25 16:53:01.867299', 0),
(23004, 23, 15, 4, 1, '2025-10-25 16:53:01.867299', 1, '2025-10-25 16:53:01.867299', 0),
(24001, 24, 14, 1, 1, '2025-10-25 16:53:01.891595', 1, '2025-10-25 16:53:01.891595', 0),
(24002, 24, 15, 2, 1, '2025-10-25 16:53:01.891595', 1, '2025-10-25 16:53:01.891595', 0),
(25001, 25, 14, 1, 1, '2025-10-25 16:53:01.913229', 1, '2025-10-25 16:53:01.913229', 0),
(25002, 25, 15, 2, 1, '2025-10-25 16:53:01.913229', 1, '2025-10-25 16:53:01.913229', 0),
(26001, 26, 1, 1, 1, '2025-10-25 16:53:01.931948', 1, '2025-10-25 16:53:01.931948', 0),
(26002, 26, 2, 2, 1, '2025-10-25 16:53:01.931948', 1, '2025-10-25 16:53:01.931948', 0),
(26003, 26, 7, 3, 1, '2025-10-25 16:53:01.931948', 1, '2025-10-25 16:53:01.931948', 0),
(26004, 26, 8, 4, 1, '2025-10-25 16:53:01.931948', 1, '2025-10-25 16:53:01.931948', 0),
(26005, 26, 9, 5, 1, '2025-10-25 16:53:01.931948', 1, '2025-10-25 16:53:01.931948', 0),
(26006, 26, 10, 6, 1, '2025-10-25 16:53:01.931948', 1, '2025-10-25 16:53:01.931948', 0),
(26007, 26, 13, 7, 1, '2025-10-25 16:53:01.931948', 1, '2025-10-25 16:53:01.931948', 0),
(26008, 26, 14, 8, 1, '2025-10-25 16:53:01.931948', 1, '2025-10-25 16:53:01.931948', 0),
(26009, 26, 15, 9, 1, '2025-10-25 16:53:01.931948', 1, '2025-10-25 16:53:01.931948', 0);

INSERT INTO "public"."metadata_field_type_mapping" ("id", "business_field_type", "business_meaning", "database_type", "database_field", "is_default", "default_length", "default_decimal_places", "creator", "create_time", "updater", "update_time", "deleted") VALUES
(1, 'TEXT', '常规文本', 'PostgreSQL', 'VARCHAR', 1, 255, 0, NULL, NULL, NULL, NULL, NULL),
(2, 'TEXT', '常规文本', 'PostgreSQL', 'CHAR', 0, 50, 0, NULL, NULL, NULL, NULL, NULL),
(3, 'TEXT', '常规文本', 'PostgreSQL', 'TEXT', 0, NULL, 0, NULL, NULL, NULL, NULL, NULL),
(4, 'TEXT', '常规文本', 'PostgreSQL', 'CITEXT', 0, 255, 0, NULL, NULL, NULL, NULL, NULL),
(5, 'TEXT', '常规文本', 'PostgreSQL', 'BYTEA', 0, NULL, 0, NULL, NULL, NULL, NULL, NULL),
(6, 'TEXT', '常规文本', 'PostgreSQL', 'UUID', 0, 36, 0, NULL, NULL, NULL, NULL, NULL),
(7, 'LONG_TEXT', '长文本', 'PostgreSQL', 'TEXT', 1, NULL, 0, NULL, NULL, NULL, NULL, NULL),
(8, 'LONG_TEXT', '长文本', 'PostgreSQL', 'VARCHAR', 0, 1000, 0, NULL, NULL, NULL, NULL, NULL),
(9, 'LONG_TEXT', '长文本', 'PostgreSQL', 'JSONB', 0, NULL, 0, NULL, NULL, NULL, NULL, NULL),
(10, 'LONG_TEXT', '长文本', 'PostgreSQL', 'BYTEA', 0, NULL, 0, NULL, NULL, NULL, NULL, NULL),
(11, 'LONG_TEXT', '长文本', 'PostgreSQL', 'XML', 0, NULL, 0, NULL, NULL, NULL, NULL, NULL),
(12, 'LONG_TEXT', '长文本', 'PostgreSQL', 'TSVECTOR', 0, NULL, 0, NULL, NULL, NULL, NULL, NULL),
(13, 'EMAIL', '邮箱地址', 'PostgreSQL', 'VARCHAR', 1, 255, 0, NULL, NULL, NULL, NULL, NULL),
(14, 'EMAIL', '邮箱地址', 'PostgreSQL', 'CITEXT', 0, 255, 0, NULL, NULL, NULL, NULL, NULL),
(15, 'EMAIL', '邮箱地址', 'PostgreSQL', 'TEXT', 0, NULL, 0, NULL, NULL, NULL, NULL, NULL),
(16, 'EMAIL', '邮箱地址', 'PostgreSQL', 'BYTEA', 0, NULL, 0, NULL, NULL, NULL, NULL, NULL),
(17, 'EMAIL', '邮箱地址', 'PostgreSQL', 'INET', 0, NULL, 0, NULL, NULL, NULL, NULL, NULL),
(18, 'PHONE', '电话号码', 'PostgreSQL', 'VARCHAR', 1, 20, 0, NULL, NULL, NULL, NULL, NULL),
(19, 'PHONE', '电话号码', 'PostgreSQL', 'CHAR', 0, 20, 0, NULL, NULL, NULL, NULL, NULL),
(20, 'PHONE', '电话号码', 'PostgreSQL', 'TEXT', 0, NULL, 0, NULL, NULL, NULL, NULL, NULL),
(21, 'PHONE', '电话号码', 'PostgreSQL', 'BIGINT', 0, NULL, 0, NULL, NULL, NULL, NULL, NULL),
(22, 'PHONE', '电话号码', 'PostgreSQL', 'NUMERIC', 0, 20, 0, NULL, NULL, NULL, NULL, NULL),
(23, 'URL', '网址链接', 'PostgreSQL', 'VARCHAR', 1, 500, 0, NULL, NULL, NULL, NULL, NULL),
(24, 'URL', '网址链接', 'PostgreSQL', 'TEXT', 0, NULL, 0, NULL, NULL, NULL, NULL, NULL),
(25, 'URL', '网址链接', 'PostgreSQL', 'JSONB', 0, NULL, 0, NULL, NULL, NULL, NULL, NULL),
(26, 'URL', '网址链接', 'PostgreSQL', 'XML', 0, NULL, 0, NULL, NULL, NULL, NULL, NULL),
(27, 'URL', '网址链接', 'PostgreSQL', 'INET', 0, NULL, 0, NULL, NULL, NULL, NULL, NULL),
(28, 'URL', '网址链接', 'PostgreSQL', 'CIDR', 0, NULL, 0, NULL, NULL, NULL, NULL, NULL),
(29, 'ADDRESS', '详细地址', 'PostgreSQL', 'TEXT', 1, NULL, 0, NULL, NULL, NULL, NULL, NULL),
(30, 'ADDRESS', '详细地址', 'PostgreSQL', 'VARCHAR', 0, 500, 0, NULL, NULL, NULL, NULL, NULL),
(31, 'ADDRESS', '详细地址', 'PostgreSQL', 'JSONB', 0, NULL, 0, NULL, NULL, NULL, NULL, NULL),
(32, 'ADDRESS', '详细地址', 'PostgreSQL', 'GEOMETRY', 0, NULL, 0, NULL, NULL, NULL, NULL, NULL),
(33, 'ADDRESS', '详细地址', 'PostgreSQL', 'POINT', 0, NULL, 0, NULL, NULL, NULL, NULL, NULL),
(34, 'NUMBER', '通用数字', 'PostgreSQL', 'NUMERIC', 1, 10, 2, NULL, NULL, NULL, NULL, NULL),
(35, 'NUMBER', '通用数字', 'PostgreSQL', 'INTEGER', 0, NULL, 0, NULL, NULL, NULL, NULL, NULL),
(36, 'NUMBER', '通用数字', 'PostgreSQL', 'BIGINT', 0, NULL, 0, NULL, NULL, NULL, NULL, NULL),
(37, 'NUMBER', '通用数字', 'PostgreSQL', 'REAL', 0, NULL, 0, NULL, NULL, NULL, NULL, NULL),
(38, 'NUMBER', '通用数字', 'PostgreSQL', 'DOUBLE PRECISION', 0, NULL, 0, NULL, NULL, NULL, NULL, NULL),
(39, 'NUMBER', '通用数字', 'PostgreSQL', 'MONEY', 0, NULL, 0, NULL, NULL, NULL, NULL, NULL),
(40, 'CURRENCY', '货币金额', 'PostgreSQL', 'NUMERIC', 1, 15, 2, NULL, NULL, NULL, NULL, NULL),
(41, 'CURRENCY', '货币金额', 'PostgreSQL', 'MONEY', 0, NULL, 0, NULL, NULL, NULL, NULL, NULL),
(42, 'CURRENCY', '货币金额', 'PostgreSQL', 'DOUBLE PRECISION', 0, NULL, 0, NULL, NULL, NULL, NULL, NULL),
(43, 'CURRENCY', '货币金额', 'PostgreSQL', 'BIGINT', 0, NULL, 0, NULL, NULL, NULL, NULL, NULL),
(44, 'DATE', '日期', 'PostgreSQL', 'DATE', 1, NULL, 0, NULL, NULL, NULL, NULL, NULL),
(45, 'DATE', '日期', 'PostgreSQL', 'TIMESTAMP', 0, NULL, 0, NULL, NULL, NULL, NULL, NULL),
(46, 'DATE', '日期', 'PostgreSQL', 'TIMESTAMPTZ', 0, NULL, 0, NULL, NULL, NULL, NULL, NULL),
(47, 'DATE', '日期', 'PostgreSQL', 'INTERVAL', 0, NULL, 0, NULL, NULL, NULL, NULL, NULL),
(48, 'DATETIME', '日期时间', 'PostgreSQL', 'TIMESTAMP', 1, NULL, 0, NULL, NULL, NULL, NULL, NULL),
(49, 'DATETIME', '日期时间', 'PostgreSQL', 'TIMESTAMPTZ', 0, NULL, 0, NULL, NULL, NULL, NULL, NULL),
(50, 'DATETIME', '日期时间', 'PostgreSQL', 'DATE', 0, NULL, 0, NULL, NULL, NULL, NULL, NULL),
(51, 'DATETIME', '日期时间', 'PostgreSQL', 'TIME', 0, NULL, 0, NULL, NULL, NULL, NULL, NULL),
(52, 'DATETIME', '日期时间', 'PostgreSQL', 'TIMETZ', 0, NULL, 0, NULL, NULL, NULL, NULL, NULL),
(53, 'BOOLEAN', '布尔值', 'PostgreSQL', 'BOOLEAN', 1, NULL, 0, NULL, NULL, NULL, NULL, NULL),
(54, 'BOOLEAN', '布尔值', 'PostgreSQL', 'SMALLINT', 0, NULL, 0, NULL, NULL, NULL, NULL, NULL),
(55, 'BOOLEAN', '布尔值', 'PostgreSQL', 'INTEGER', 0, NULL, 0, NULL, NULL, NULL, NULL, NULL),
(56, 'BOOLEAN', '布尔值', 'PostgreSQL', 'BIT', 0, 1, 0, NULL, NULL, NULL, NULL, NULL),
(57, 'BOOLEAN', '布尔值', 'PostgreSQL', 'CHAR', 0, 1, 0, NULL, NULL, NULL, NULL, NULL),
(58, 'PICKLIST', '单选列表', 'PostgreSQL', 'VARCHAR', 1, 100, 0, NULL, NULL, NULL, NULL, NULL),
(59, 'PICKLIST', '单选列表', 'PostgreSQL', 'CHAR', 0, 50, 0, NULL, NULL, NULL, NULL, NULL),
(60, 'PICKLIST', '单选列表', 'PostgreSQL', 'TEXT', 0, NULL, 0, NULL, NULL, NULL, NULL, NULL),
(61, 'PICKLIST', '单选列表', 'PostgreSQL', 'SMALLINT', 0, NULL, 0, NULL, NULL, NULL, NULL, NULL),
(62, 'PICKLIST', '单选列表', 'PostgreSQL', 'INTEGER', 0, NULL, 0, NULL, NULL, NULL, NULL, NULL),
(63, 'PICKLIST', '单选列表', 'PostgreSQL', 'ENUM', 0, NULL, 0, NULL, NULL, NULL, NULL, NULL),
(64, 'MULTI_PICKLIST', '多选列表', 'PostgreSQL', 'TEXT', 1, NULL, 0, NULL, NULL, NULL, NULL, NULL),
(65, 'MULTI_PICKLIST', '多选列表', 'PostgreSQL', 'TEXT[]', 0, NULL, 0, NULL, NULL, NULL, NULL, NULL),
(66, 'MULTI_PICKLIST', '多选列表', 'PostgreSQL', 'INTEGER[]', 0, NULL, 0, NULL, NULL, NULL, NULL, NULL),
(67, 'MULTI_PICKLIST', '多选列表', 'PostgreSQL', 'JSON', 0, NULL, 0, NULL, NULL, NULL, NULL, NULL),
(68, 'MULTI_PICKLIST', '多选列表', 'PostgreSQL', 'JSONB', 0, NULL, 0, NULL, NULL, NULL, NULL, NULL),
(69, 'AUTO_CODE', '自动编码', 'PostgreSQL', 'VARCHAR', 1, 50, 0, NULL, NULL, NULL, NULL, NULL),
(70, 'AUTO_CODE', '自动编码', 'PostgreSQL', 'SERIAL', 0, NULL, 0, NULL, NULL, NULL, NULL, NULL),
(71, 'AUTO_CODE', '自动编码', 'PostgreSQL', 'BIGSERIAL', 0, NULL, 0, NULL, NULL, NULL, NULL, NULL),
(72, 'AUTO_CODE', '自动编码', 'PostgreSQL', 'UUID', 0, 36, 0, NULL, NULL, NULL, NULL, NULL),
(73, 'AUTO_CODE', '自动编码', 'PostgreSQL', 'INTEGER', 0, NULL, 0, NULL, NULL, NULL, NULL, NULL),
(74, 'USER', '用户引用', 'PostgreSQL', 'VARCHAR', 1, 50, 0, NULL, NULL, NULL, NULL, NULL),
(75, 'USER', '用户引用', 'PostgreSQL', 'UUID', 0, 36, 0, NULL, NULL, NULL, NULL, NULL),
(76, 'USER', '用户引用', 'PostgreSQL', 'BIGINT', 0, NULL, 0, NULL, NULL, NULL, NULL, NULL),
(77, 'USER', '用户引用', 'PostgreSQL', 'INTEGER', 0, NULL, 0, NULL, NULL, NULL, NULL, NULL),
(78, 'USER', '用户引用', 'PostgreSQL', 'TEXT', 0, NULL, 0, NULL, NULL, NULL, NULL, NULL),
(79, 'DEPARTMENT', '部门引用', 'PostgreSQL', 'VARCHAR', 1, 50, 0, NULL, NULL, NULL, NULL, NULL),
(80, 'DEPARTMENT', '部门引用', 'PostgreSQL', 'UUID', 0, 36, 0, NULL, NULL, NULL, NULL, NULL),
(81, 'DEPARTMENT', '部门引用', 'PostgreSQL', 'BIGINT', 0, NULL, 0, NULL, NULL, NULL, NULL, NULL),
(82, 'DEPARTMENT', '部门引用', 'PostgreSQL', 'INTEGER', 0, NULL, 0, NULL, NULL, NULL, NULL, NULL),
(83, 'DEPARTMENT', '部门引用', 'PostgreSQL', 'TEXT', 0, NULL, 0, NULL, NULL, NULL, NULL, NULL),
(84, 'DATA_SELECTION', '数据选择', 'PostgreSQL', 'VARCHAR', 1, 100, 0, NULL, NULL, NULL, NULL, NULL),
(85, 'DATA_SELECTION', '数据选择', 'PostgreSQL', 'UUID', 0, 36, 0, NULL, NULL, NULL, NULL, NULL),
(86, 'DATA_SELECTION', '数据选择', 'PostgreSQL', 'BIGINT', 0, NULL, 0, NULL, NULL, NULL, NULL, NULL),
(87, 'DATA_SELECTION', '数据选择', 'PostgreSQL', 'JSONB', 0, NULL, 0, NULL, NULL, NULL, NULL, NULL),
(88, 'DATA_SELECTION', '数据选择', 'PostgreSQL', 'TEXT', 0, NULL, 0, NULL, NULL, NULL, NULL, NULL),
(89, 'RELATION', '关联关系', 'PostgreSQL', 'VARCHAR', 1, 100, 0, NULL, NULL, NULL, NULL, NULL),
(90, 'RELATION', '关联关系', 'PostgreSQL', 'UUID', 0, 36, 0, NULL, NULL, NULL, NULL, NULL),
(91, 'RELATION', '关联关系', 'PostgreSQL', 'BIGINT', 0, NULL, 0, NULL, NULL, NULL, NULL, NULL),
(92, 'RELATION', '关联关系', 'PostgreSQL', 'JSONB', 0, NULL, 0, NULL, NULL, NULL, NULL, NULL),
(93, 'RELATION', '关联关系', 'PostgreSQL', 'XML', 0, NULL, 0, NULL, NULL, NULL, NULL, NULL),
(94, 'STRUCTURE', '结构化对象', 'PostgreSQL', 'TEXT', 1, NULL, 0, NULL, NULL, NULL, NULL, NULL),
(95, 'STRUCTURE', '结构化对象', 'PostgreSQL', 'JSON', 0, NULL, 0, NULL, NULL, NULL, NULL, NULL),
(96, 'STRUCTURE', '结构化对象', 'PostgreSQL', 'HSTORE', 0, NULL, 0, NULL, NULL, NULL, NULL, NULL),
(97, 'STRUCTURE', '结构化对象', 'PostgreSQL', 'GEOMETRY', 0, NULL, 0, NULL, NULL, NULL, NULL, NULL),
(98, 'STRUCTURE', '结构化对象', 'PostgreSQL', 'JSONB', 0, NULL, 0, NULL, NULL, NULL, NULL, NULL),
(99, 'ARRAY', '数组列表', 'PostgreSQL', 'TEXT', 1, NULL, 0, NULL, NULL, NULL, NULL, NULL),
(100, 'ARRAY', '数组列表', 'PostgreSQL', 'INTEGER[]', 0, NULL, 0, NULL, NULL, NULL, NULL, NULL),
(101, 'ARRAY', '数组列表', 'PostgreSQL', 'BIGINT[]', 0, NULL, 0, NULL, NULL, NULL, NULL, NULL),
(102, 'ARRAY', '数组列表', 'PostgreSQL', 'JSONB', 0, NULL, 0, NULL, NULL, NULL, NULL, NULL),
(103, 'ARRAY', '数组列表', 'PostgreSQL', 'TEXT[]', 0, NULL, 0, NULL, NULL, NULL, NULL, NULL),
(104, 'FILE', '文件', 'PostgreSQL', 'VARCHAR', 1, 500, 0, NULL, NULL, NULL, NULL, NULL),
(105, 'FILE', '文件', 'PostgreSQL', 'TEXT', 0, NULL, 0, NULL, NULL, NULL, NULL, NULL),
(106, 'FILE', '文件', 'PostgreSQL', 'BYTEA', 0, NULL, 0, NULL, NULL, NULL, NULL, NULL),
(107, 'FILE', '文件', 'PostgreSQL', 'JSONB', 0, NULL, 0, NULL, NULL, NULL, NULL, NULL),
(108, 'FILE', '文件', 'PostgreSQL', 'UUID', 0, 36, 0, NULL, NULL, NULL, NULL, NULL),
(109, 'IMAGE', '图片', 'PostgreSQL', 'VARCHAR', 1, 500, 0, NULL, NULL, NULL, NULL, NULL),
(110, 'IMAGE', '图片', 'PostgreSQL', 'BYTEA', 0, NULL, 0, NULL, NULL, NULL, NULL, NULL),
(111, 'IMAGE', '图片', 'PostgreSQL', 'TEXT', 0, NULL, 0, NULL, NULL, NULL, NULL, NULL),
(112, 'IMAGE', '图片', 'PostgreSQL', 'JSONB', 0, NULL, 0, NULL, NULL, NULL, NULL, NULL),
(113, 'IMAGE', '图片', 'PostgreSQL', 'GEOMETRY', 0, NULL, 0, NULL, NULL, NULL, NULL, NULL),
(114, 'GEOGRAPHY', '地理位置', 'PostgreSQL', 'TEXT', 1, NULL, 0, NULL, NULL, NULL, NULL, NULL),
(115, 'GEOGRAPHY', '地理位置', 'PostgreSQL', 'POINT', 0, NULL, 0, NULL, NULL, NULL, NULL, NULL),
(116, 'GEOGRAPHY', '地理位置', 'PostgreSQL', 'POLYGON', 0, NULL, 0, NULL, NULL, NULL, NULL, NULL),
(117, 'GEOGRAPHY', '地理位置', 'PostgreSQL', 'JSONB', 0, NULL, 0, NULL, NULL, NULL, NULL, NULL),
(118, 'GEOGRAPHY', '地理位置', 'PostgreSQL', 'GEOMETRY', 0, NULL, 0, NULL, NULL, NULL, NULL, NULL),
(119, 'PASSWORD', '密码', 'PostgreSQL', 'VARCHAR', 1, 255, 0, NULL, NULL, NULL, NULL, NULL),
(120, 'PASSWORD', '密码', 'PostgreSQL', 'TEXT', 0, NULL, 0, NULL, NULL, NULL, NULL, NULL),
(121, 'PASSWORD', '密码', 'PostgreSQL', 'BYTEA', 0, NULL, 0, NULL, NULL, NULL, NULL, NULL),
(122, 'PASSWORD', '密码', 'PostgreSQL', 'CHAR', 0, 255, 0, NULL, NULL, NULL, NULL, NULL),
(123, 'ENCRYPTED', '加密字段', 'PostgreSQL', 'VARCHAR', 1, 255, 0, NULL, NULL, NULL, NULL, NULL),
(124, 'ENCRYPTED', '加密字段', 'PostgreSQL', 'BYTEA', 0, NULL, 0, NULL, NULL, NULL, NULL, NULL),
(125, 'ENCRYPTED', '加密字段', 'PostgreSQL', 'TEXT', 0, NULL, 0, NULL, NULL, NULL, NULL, NULL),
(126, 'ENCRYPTED', '加密字段', 'PostgreSQL', 'BLOB', 0, NULL, 0, NULL, NULL, NULL, NULL, NULL),
(127, 'ENCRYPTED', '加密字段', 'PostgreSQL', 'JSONB', 0, NULL, 0, NULL, NULL, NULL, NULL, NULL),
(128, 'AGGREGATE', '聚合统计', 'PostgreSQL', 'NUMERIC', 1, 15, 2, NULL, NULL, NULL, NULL, NULL),
(129, 'AGGREGATE', '聚合统计', 'PostgreSQL', 'BIGINT', 0, NULL, 0, NULL, NULL, NULL, NULL, NULL),
(130, 'AGGREGATE', '聚合统计', 'PostgreSQL', 'DOUBLE PRECISION', 0, NULL, 0, NULL, NULL, NULL, NULL, NULL),
(131, 'AGGREGATE', '聚合统计', 'PostgreSQL', 'MONEY', 0, NULL, 0, NULL, NULL, NULL, NULL, NULL);

